0.106439371,0.210988085,0.022873887,-0.322830876,-1.369471316,0.031211407,-0.2640089,-0.013451021,-0.258721551,-0.141468838,-0.075614676,0.766062468,0.352398715,-1.083593789,-0.820535482,1.178479799
-0.70378375,-0.130461711,0.536570396,-0.436809079,-0.572216491,0.171863914,-1.137265594,0.426663746,-0.392866119,-0.116243716,-0.164244894,0.723621419,0.020196209,-0.399706475,0.528278559,1.284079529
-0.664476588,-0.253770037,0.552642699,-0.490818888,-0.886423553,-0.054204373,1.150238478,-0.236338093,-0.275565983,0.775100621,-0.421354872,0.344754558,-0.405872393,0.183016261,0.124179875,-1.089772476
-1.385680948,0.057153715,0.965318945,-0.187994586,-1.024961538,-0.041183816,-2.229133216,-0.472044343,-0.578889936,-0.252485385,-0.294579334,-0.242017685,-0.099883345,0.443161476,-0.595072779,-4.524943094
-1.232017773,0.031589202,0.889665209,-0.302101268,0.459467573,0.256185031,-1.057225569,-0.74345554,-0.62280834,1.538644464,-0.732561449,-0.421027671,-0.764243912,0.123905831,-0.305873367,-3.844541765
-1.455530459,-0.121117346,0.653350469,-0.36797666,-0.873148743,0.098626331,1.050179057,-0.73716367,-0.462424414,0.80268355,-0.347640686,-0.09042896,-0.66239322,0.207036712,-0.282663369,-2.294459442
-1.059514428,-0.128321449,0.38851046,-0.457680281,0.192414877,-0.083893899,-0.805360668,-0.655358547,-0.574550072,-0.088820937,-0.08835623,-0.396788958,-0.806711523,0.136216122,-0.501608063,-0.560610618
-0.504963756,-0.274872328,0.303967324,-0.362001163,-0.533849405,-0.225307208,-1.124972971,-0.649203193,-0.710768069,-1.379765617,-0.110943784,0.055864008,-0.430409154,-0.945718555,-1.013382125,0.884070759
0.62610356,-0.132010213,0.331896733,-0.715175867,-1.53258477,-0.48494825,-3.76566313,-0.718404327,-0.442288811,-1.512542462,0.023219349,-0.403731424,-0.383376606,-0.70096567,-0.619196846,0.878577896
0.721337082,-0.299246978,0.20710376,-0.496799424,-1.133394176,0.188488536,1.195144052,-0.831480706,-0.687288065,-0.999925326,-0.303178192,-0.141031529,-0.367356407,0.454051369,-0.700396098,0.939247215
-0.678219014,-0.332355135,0.171169819,-0.484854125,-1.047292138,-0.316777964,-1.652262198,-0.730960827,-0.880218865,-0.720166753,-0.515373574,-0.190340926,-0.281936821,0.415138624,-0.540765587,-0.151697553
-0.499635755,-0.233060267,0.247415506,-0.241822695,0.143685824,-0.648673199,-1.410063336,-0.480112562,-0.504579661,-0.378955073,-0.347796694,-0.318487498,-0.594314469,0.638623725,-0.471411272,-0.386111507
0.205067293,-0.388151576,0.258595273,-1.688761158,-0.570481263,0.117880678,-0.440574078,-0.743607072,-0.788943207,-0.191239101,-0.137322103,-0.365015163,-0.369274696,-0.240527047,-0.332602803,-0.12900867
0.108038932,-0.386538266,0.287021975,0.767162216,-0.650869712,0.127716748,-1.369970156,-0.837565938,-0.531959306,-0.40920715,-0.628734304,-0.446778779,-0.295225097,-1.108947953,-0.739161495,-0.445581976
-1.347882301,-0.255672939,0.301219558,-0.689195321,-0.375292691,-0.15936117,1.150027641,-0.587096632,-0.847709706,-0.335596562,-0.963661802,-0.248459247,-0.485136172,-0.975016574,-0.302246745,-0.241905545
-0.519756094,-0.306297851,0.472597395,-0.067470559,-0.364887667,-0.165167705,-1.990328391,-0.606158705,-0.533976211,-0.690195738,-0.978902169,-0.693627258,-0.410614818,-0.68075766,-0.15010596,0.485317017
0.072691768,-0.25217882,0.708312552,-0.526798739,-1.201494131,-0.089755029,-2.262879454,0.083256992,-0.675313575,-0.645376229,-0.849568189,-0.324600617,-0.520100051,-1.215727977,-0.500338513,0.035042432
-0.048098179,-0.149263956,0.701835496,-0.541945402,0.10296636,-0.007230017,-0.035368592,-0.120608332,-0.840182789,-0.242052456,-0.804025796,0.03825289,-0.896650305,-0.379028068,-0.484953148,-0.066873644
-0.225296014,0.036732948,0.355416599,0.600662332,-0.743932344,0.144021091,-1.357831856,-0.198157547,-0.545246168,-0.560209762,-0.622213352,0.064583195,-0.379910392,-0.215423938,-0.418517204,-0.230195794
-0.242535312,-0.227948445,-0.325709706,0.802229799,0.250471295,0.050753849,-1.397709385,-0.365752391,-0.857018743,-0.11847908,-0.223643074,-0.296572389,-0.678525409,0.335925341,-0.31912853,-0.611439906
-0.714139029,-0.32700026,0.251829119,0.333620707,-0.702583353,-0.049066893,-2.105381318,-0.726021311,-0.653045538,-0.403100755,-0.797764257,-0.451451587,-0.461843998,0.155514125,-0.390295231,-0.499082843
-0.536561481,-0.542921852,0.245517517,-0.325446831,-0.08805983,-0.353247106,-1.224771068,-0.713865887,-0.653859872,-0.424214814,-0.632966433,-0.022196287,-0.917620472,0.00657138,-0.242042773,0.059318556
-0.804971043,-0.510451463,0.308636613,-0.276048693,-0.276356941,-0.323436035,0.109740358,-0.574082491,-0.800702381,-0.160572394,-0.566569968,-0.511463026,-0.795058112,-0.053828221,-0.313324838,-0.24734373
-0.203613641,-0.409494948,0.33534296,-1.189918674,-0.993969694,0.101462306,0.653704958,-0.247603336,-0.760362743,-0.541406324,-0.500873999,-0.499308379,-0.373054361,-1.02656874,-0.184544818,0.934598829
-1.174123691,-0.33262876,0.056390399,0.133970106,0.602852448,-0.063126509,-0.122371866,-0.118132414,-0.728326033,-0.368595827,-0.273376331,-0.311955808,-0.694250539,-0.681708657,-0.403766842,0.481617642
-1.269437972,-0.514992425,-0.016650337,-0.725435116,-0.041263014,0.280284857,-0.763316849,-0.510826189,-0.728768173,-0.57989558,-0.44644318,-0.288440863,-0.129113285,-0.123383698,-0.300051621,-0.008072045
-1.165903644,-0.341587795,-0.397647482,-1.761758381,-0.821703347,0.018097175,0.016231066,-0.529409868,-0.576309383,-0.467151379,-0.368203292,-0.558679063,-0.04530792,0.18223941,-0.279529879,0.562617531
-0.862275738,-0.159056783,0.350236316,-0.510746588,1.47961804,0.52965922,-1.001045793,-0.220548939,-0.513541871,-0.198389355,-1.020444457,-0.015584317,-0.391188571,1.131653874,-0.834351004,0.501847372
-0.039197841,0.124228406,0.496333348,0.494137386,0.28492039,0.548586501,-0.832821548,-0.075917879,-0.563193522,0.232905598,-0.581952241,-0.029662529,0.146476907,0.692259809,0.319133397,0.666663633
-0.267462693,0.537676941,0.710940256,-0.092831046,-0.305822381,0.726645255,0.177300714,-0.180352538,-0.763477575,0.450780331,0.235026116,-0.591499418,0.390732791,0.414761571,0.375154644,0.573771103
-0.346663182,0.489890953,0.71374822,0.575962979,-0.469532537,0.718488141,0.207801842,-0.212955518,-0.351281913,0.575556841,0.136302158,0.103187059,0.230908008,-0.122094041,0.061043791,0.699040974
-1.695625833,0.073652557,0.840976119,0.387862324,-1.811113763,0.845690982,-0.358271151,-0.256642728,-0.449201946,0.329249021,-0.107971644,-0.202024796,0.561135056,-1.450654925,-0.501283469,-0.205083743
0.259975574,0.094653781,0.450585654,-0.352493504,-1.215461859,0.624790691,-0.345158024,-0.432621345,-0.616351584,0.133546212,0.053869186,0.023106588,0.408970742,-1.047333096,-0.138365616,0.793093161
1.496735481,0.453318031,0.415042493,0.083622061,0.391466294,0.823401152,-0.492986018,0.198366581,-0.507867623,0.41876014,0.03757221,0.279927967,-0.01456941,-0.156056726,-0.359903243,0.202047084
1.042387212,0.377370553,1.116273829,0.064044558,-0.414226933,0.692287752,-0.754032899,0.370500357,-0.393008017,0.380622792,-0.102214785,0.633341613,0.183592909,0.773827101,-0.286506365,0.421130607
-0.571810754,1.224575684,1.253273787,0.030552937,0.153003119,1.213134931,-0.373962784,0.178307357,-0.365039918,0.432889643,0.347758487,0.708374163,0.234985981,1.100139463,0.640472719,0.603371499
-0.064429008,0.801147714,0.901092288,-0.427167099,-0.030647065,1.551242783,-1.198818513,0.286067965,-0.26074516,0.26949529,0.318506123,0.249449258,0.276174174,1.659094103,0.341503546,0.424666347
0.220500794,0.498608544,1.265264318,0.96479548,-0.041920245,1.343510547,-0.114113383,-0.033056298,-0.356887141,0.236378025,0.104185806,0.308331344,0.491463027,1.534199747,0.149211825,0.677893088
0.310368374,0.594474586,1.194941748,1.243670483,0.382021871,1.009232623,-0.750651511,0.147394948,-0.216134428,0.435575108,0.533749516,-0.001089218,0.303508982,1.016955674,0.334250076,0.969518918
-0.472635365,0.636625821,1.147372023,1.194917176,-0.392049966,1.018240044,0.081966715,-0.07759355,-0.228845568,0.541336633,0.693642429,0.032178072,0.247269087,1.315490968,0.239629801,1.502527541
-0.01384546,0.714014506,1.1840962,0.586587345,0.747905898,0.895573754,0.793251289,0.261749858,-0.077034745,0.828803332,0.991160345,0.307999768,0.415672759,0.753858385,0.283049472,1.435918882
-0.298346964,0.503341126,0.874968891,0.273543808,1.19424065,0.962287321,-1.278163797,0.410493243,0.137298766,0.444143089,0.395166237,0.190828405,0.704962567,0.429973482,0.282686247,1.161885075
0.258775222,0.391221254,0.515347586,0.374551925,0.618377889,0.753429659,-1.312762335,0.270846174,0.082010854,0.723779985,0.519765754,0.173680257,1.060442767,0.603311034,0.129618742,0.821216489
-0.428557599,0.16940485,0.20268307,0.071723049,1.138044751,0.482644056,-1.381845708,0.498864684,0.100624056,0.74359547,2.106160092,0.179389521,0.691804652,0.019039328,0.029325743,0.382838023
0.043099402,0.172098825,0.224179483,0.244491284,0.039871566,0.341487675,0.799310609,0.354948585,0.068456887,0.837696469,0.239348085,0.295720115,1.239515083,-0.117352689,0.522910337,0.287500182
0.899611354,-0.079832369,0.602549819,0.141517392,-0.15834537,0.602319216,-1.689152515,0.428594269,0.228371625,0.338581825,0.81940673,0.292867037,0.261871193,-0.031063811,0.234776007,0.353377101
2.495279621,0.326030369,1.677886319,0.050575326,-0.347927858,0.981715564,0.859873033,0.138788502,0.508242596,0.178656207,0.972008315,0.446831771,0.176391888,0.52827265,0.657498024,1.366963482
1.727648789,0.243050681,1.74503647,0.318218781,-1.337442171,0.640869231,-0.99919929,0.14057468,0.391301722,-0.204856523,0.4553694,0.333220143,0.599158974,0.238034979,0.541986916,1.424936091
-0.061445004,0.209996952,1.927231393,0.221117423,0.993271888,0.675980346,-2.74538199,0.230904235,0.326285551,0.064860398,1.242017216,-0.003824895,-0.085917387,0.804621315,0.392682681,0.685343316
-2.011465415,0.172866978,1.244059398,0.664559487,0.018508636,0.227405499,0.804807939,0.040466673,0.270206553,-0.032117048,1.233985162,-0.01154514,0.152511215,1.019258627,0.697782333,1.078727593
-2.038644932,-0.14001942,0.56485452,0.225345579,-0.125889227,0.051394497,0.176038438,-0.223140852,-0.176374838,-0.13605492,-0.360455493,-0.457019895,-0.250876376,0.449674733,0.429514389,0.32766566
0.925986302,0.022706969,0.823567611,0.579238641,1.313685487,0.297499132,-2.34841502,-0.023397839,0.022631894,-0.096907396,-0.023844157,-0.100552832,-0.342199764,1.042171961,0.350024894,0.620000107
0.223230306,0.065403092,0.732885515,0.106413912,-0.473180042,-0.01696898,-1.779970149,-0.268489373,-0.202457352,-0.445220749,-0.574204077,-0.462194047,0.083267063,-0.024296578,0.194360848,0.14784181
-0.026907139,0.234771594,0.83754195,0.442027633,0.386866849,-0.209463523,1.054715655,-0.347383763,0.025987059,0.109067295,-0.2706161,-0.299646874,-0.083277938,-0.039138999,-0.046601132,0.972210224
-2.047601211,0.379299898,0.800661496,0.34247128,0.594785454,0.794631767,1.003037164,-0.491967409,-0.002512141,-0.343370543,0.053096977,-0.262265058,-0.002698651,-0.577426172,0.249805477,1.084109528
-0.149490259,0.256991389,0.893419858,-0.255632826,2.911885648,0.546326714,0.340399023,-0.179667346,0.458913195,-0.167554554,0.244255326,-0.225600547,0.037506227,-2.071089215,-0.347999648,-0.762135632
0.305872198,0.317347176,1.014164831,1.141053748,3.712208628,1.153792332,2.437493369,0.356879996,0.132868146,0.145269503,0.423647836,0.532123573,1.353556959,0.388899955,1.091697537,2.360629056
-0.362335931,0.443699067,0.934968394,0.754423275,3.609197038,0.253408964,0.821153499,0.12645213,0.059443008,0.212104345,0.310825273,0.166928952,1.508904345,0.402680702,2.059017258,3.787514114
-0.741941891,0.408198317,1.087764371,0.24511857,2.417095678,0.548350787,8.547818446,0.265610336,0.338070367,0.579679296,0.666104482,0.561076359,2.785308833,0.565563394,1.093735708,1.415271261
-0.452286612,1.568760411,1.646926868,1.924363065,3.842636048,1.507690102,16.18566739,1.002427185,0.497340952,0.945830847,0.772280807,0.511607719,1.038632294,1.412541819,1.947758887,3.747398982
2.314513981,2.611450756,1.854509075,1.821592914,1.524740777,2.661780106,7.638198334,2.777969458,0.393574436,1.621432565,1.744452385,1.332120292,1.633403633,0.962386722,2.330528992,4.854516664
4.555401756,3.478090067,2.508011539,1.833954563,1.306476604,2.789186519,0.264402492,3.940345211,0.552421793,2.172955774,2.161414968,1.265580074,2.058028807,1.055455994,1.349163271,1.237326311
2.959980219,3.192237611,2.267119717,2.652455023,3.323599208,1.181182065,-2.588585252,3.206777182,0.940619055,1.883720492,2.344270257,1.427136733,1.544629895,0.965139416,0.336504216,1.471735184
0.44310189,1.9767548,2.065408698,1.093134368,0.62202245,0.119112406,-0.758491037,2.205596688,1.672622906,1.249526123,1.871622434,1.264949759,1.241163881,0.637456561,0.409831986,2.421670798
1.262386583,1.398663377,2.732855669,0.839627381,-1.390434649,0.011908338,0.788629711,0.678299468,0.610304359,0.980465858,1.216001136,0.063359765,0.380235981,0.768411588,0.596960586,0.593136342
0.894243735,0.694428233,1.095278567,0.887284517,1.614060948,0.444052674,4.828292258,0.022882038,0.619341237,1.317544055,1.030983591,0.226876256,0.425270119,-0.182700302,1.633250996,2.819651337
1.418639461,1.153037151,1.654402606,0.662992355,0.719029879,0.124586447,0.833244319,0.407027421,1.16209927,1.62137908,1.082888127,0.516651563,0.950070944,0.932591383,0.227507479,0.016359195
1.301755656,0.917482675,1.197156609,0.769145133,-1.409874653,0.577197117,-1.954820519,0.84041334,0.778846701,1.102855217,0.908478572,0.405035211,0.491856406,-0.328550038,0.418269149,2.178702634
1.017898582,0.478508813,1.343113788,0.413879824,-1.508358846,0.571192611,-2.025884501,0.487837083,0.512555748,0.866974723,0.64884172,0.09005104,0.539960386,-1.717405502,0.523749125,-0.775469766
1.339893953,0.362467702,0.883395507,1.201815497,0.33877269,1.134865434,0.709163834,0.191406599,0.80186965,0.853730936,0.740284735,0.396760376,0.64109074,1.260270362,0.889127585,-0.311825229
2.23757891,0.434349388,1.407354106,1.041974724,0.121308712,0.640007189,1.581549069,0.716561367,1.334291901,0.758424619,0.542567716,0.392647815,0.330971084,0.396685354,-0.062780289,1.826203699
0.367427206,0.955346444,1.385996903,0.684129876,0.994099754,1.170616705,1.635570109,0.845245699,1.680862891,0.855593375,0.898723564,0.264531897,0.614578653,-0.161229838,0.701973742,2.895727259
-0.172933608,0.457463754,1.00892443,-0.007145742,2.010562169,0.023866402,0.402588999,0.616419377,1.032820396,1.136229113,0.961459876,0.215829791,1.438406037,2.120379856,0.141252647,-0.621786534
0.42116201,0.870573068,1.382481091,0.800274998,0.199328592,1.26563796,-1.190677547,0.631497642,1.069036326,0.506004355,0.67508636,0.184241401,0.743542167,2.707186429,0.052988779,2.720470038
1.63696341,0.66277832,0.944656107,0.284946641,0.123509385,0.282826222,1.187587003,0.70935028,0.842627653,0.427321131,0.547268335,0.374131926,0.513656442,1.499484612,-0.155962055,0.789394808
1.368189199,0.567432618,1.646421088,1.115362144,1.753983904,-0.827001472,-0.653254818,0.373716007,0.533095194,1.110131974,0.969241584,0.655811244,0.774294859,2.835090675,0.212775748,0.91027984
0.781064475,1.617511376,1.932343876,0.97900455,3.538326599,1.090721762,-1.200383306,0.200238899,0.808184513,0.615850865,0.241525816,0.804713091,1.586805713,2.3151622,0.85006996,0.964566653
1.539095548,1.185470539,0.9546199,1.728677213,1.276693491,-0.193586551,0.971119505,1.089925479,0.499866066,1.120359611,0.831993976,0.688203353,1.741958216,-0.046744233,1.013643757,2.502657494
1.341748608,1.642318242,1.497861783,1.583602394,0.698381598,0.121854103,3.654121743,0.5997803,1.031794984,1.497581766,0.735391238,0.895704676,1.297775583,1.343114466,0.411241377,0.265652123
1.395246949,1.27769536,1.735904209,0.779930142,2.90578514,-0.067708838,3.60104768,1.128071864,0.737908215,1.416381353,0.528343362,0.547466551,1.595498376,-4.912044171,0.736019684,1.959245565
1.672805462,0.974442983,2.006814958,1.353929022,1.257489269,0.69005484,12.36706516,0.497670858,0.904187545,0.489501386,1.64537517,1.056978127,1.817897048,6.413593791,1.033045846,2.112779955
0.407478316,0.72480801,1.389308481,2.270359257,0.122942183,-0.058087469,14.16072071,0.824587023,1.729416579,1.119688572,2.171715517,0.513985254,1.236930022,0.415788742,1.116349844,3.926830827
0.858152619,1.466115386,1.639205682,4.004604847,0.984544367,0.597475972,6.931381002,1.189336737,1.960738074,1.580387641,3.651261808,0.157159742,1.39653307,-0.909819461,0.842198019,1.948484409
1.956209361,2.358083583,2.169999034,6.554393492,0.74089302,1.027592065,12.20288496,1.911995686,1.125656595,2.318500151,3.145098027,0.981039528,1.438173799,0.036192454,1.805251604,1.611669239
0.986174901,2.01457925,1.969099347,5.960865054,1.262541492,0.574542075,3.653986107,1.808207721,1.546929638,1.553587424,2.474011948,1.984544188,1.136288981,1.127937684,0.715543477,3.10346068
1.138477273,1.64149391,1.894022348,2.202805237,2.85238327,0.449448883,-1.279605121,1.449072982,1.80248872,1.711893336,2.763359418,1.048829797,0.914463923,1.757977782,1.821454165,-1.677842607
1.506860429,1.244538958,1.846808327,1.268617146,2.42917245,0.901380871,0.087560549,0.922569088,1.796376572,1.882720919,2.443338694,0.395891682,1.210468645,3.978804721,1.164637788,1.154371162
0.539052157,1.67025062,1.550853932,0.113827795,0.500590685,0.442063118,8.794423535,1.354346987,1.551688468,1.859486761,2.648290006,1.155120613,1.682330341,1.800843945,1.558410257,1.212466654
2.246482808,1.52539408,1.642779888,-0.101447548,-0.551689926,0.587747744,0.042710389,1.533367301,1.571716911,0.940305319,0.704347893,-0.126043844,0.942644084,-1.240630928,1.655975394,3.1626463
1.588197651,1.422361871,0.929267337,0.144217902,0.511205428,0.515307052,-2.498207395,0.825574196,1.905570924,2.090928158,1.498083863,0.15995956,0.716215821,-1.962567838,1.6788578,-1.560033681
0.9608527,1.043821547,1.596840634,0.476579496,-0.648718884,-0.134674051,-0.342167081,1.133994827,1.566464672,2.111732452,0.409076236,0.765893816,0.326530208,-1.252856454,1.844708271,-1.4703298
0.083059885,1.171406901,1.264970403,-0.291899548,0.209320446,-0.064923003,-3.388295587,1.041951499,1.216200174,1.478911097,-0.194749627,0.506770517,0.229804117,1.385733142,0.5674679,-2.766669651
0.458984118,1.106643485,0.944527009,-1.2903632,0.107809581,0.419871582,-6.648671854,1.120762483,0.70951975,0.770231077,0.780805503,0.217252791,0.243167165,1.187194295,0.533723133,-2.447983976
0.074031314,-0.082320162,0.442056371,0.169766264,-0.399253336,-0.067816667,3.037747622,0.89138847,0.968542727,1.530254115,0.705212439,0.747975894,0.446340215,3.072462406,0.118262556,-1.223004462
-0.472932547,0.441038386,0.386059447,0.273231432,-1.267968816,-0.65323563,-2.614552267,1.617597044,1.330024343,1.086194098,-0.974273907,0.30087953,0.029539461,2.453259747,0.673943537,-2.641126999
0.704714428,0.318549787,0.09805624,0.655495335,-0.770811837,0.305067538,-6.802475566,1.367175691,0.530210382,1.271539455,-1.274182892,0.071332942,-0.06210245,1.234979728,0.750891773,-3.915783299
-0.025967817,0.267683136,-0.057484225,0.639160334,0.329744006,0.372449099,1.614498989,0.215059313,0.377670925,0.38350218,1.330401825,0.245347924,-0.024350878,-3.96450429,0.256691629,-0.439426633
0.370830129,0.198100911,-0.063422922,0.863173017,-0.600827604,0.563995525,0.561216699,0.272156497,-0.034838108,0.977801039,0.958616556,-0.664849761,-0.30203891,6.293415729,0.204158473,-2.60112612
0.63457176,0.113282257,0.408517772,-0.107800093,-0.421075048,-0.753000836,-2.979735798,0.003802244,0.293056841,0.866207482,0.090939275,0.533331065,0.283431308,-2.040734257,0.224436027,-2.639269275
-0.43999965,-0.257735878,0.132557567,0.058462874,1.182470953,-0.107370686,-0.569851502,0.220807543,0.123305865,0.712757839,0.633634807,0.128236229,0.255951036,-1.072557852,1.448809409,-0.879827355
0.481191255,0.241576032,0.27945257,0.356779336,-0.823113344,-0.840124046,-1.209957315,0.033685177,0.557249862,0.449911532,-0.654377504,0.347581309,0.131801597,2.78648387,-0.090415268,-0.480888089
0.196939467,-0.269905206,-0.064316596,-0.518730444,-0.176543383,0.556400482,-4.112353665,0.299787328,0.669346158,0.242170966,-1.738720194,0.271948598,-0.071805097,1.609745506,-0.643081375,-1.83383647
-0.363917037,0.292629825,0.326280812,-0.490950743,-0.698602501,0.265001152,-0.744785022,-0.098117235,0.122638181,0.378420294,0.258011554,0.120511968,-0.19722447,-1.14738526,-0.480541198,-1.961379196
0.374768533,-0.058593238,0.600646426,-0.155523828,-0.168853901,0.610399866,-1.147036523,0.331997941,0.253147462,0.322412739,0.11769982,0.314322796,0.021843417,4.21336725,-0.176361909,-0.671921069
-0.184653591,0.371702934,-0.447673348,0.455761353,-0.968709078,0.121662927,1.512903147,0.105313309,0.466832522,0.344304214,-0.870269011,0.154775204,0.327663328,-1.588648691,0.533850138,-1.224582613
-0.208455281,-1.034777582,-0.348864625,-0.196713911,-0.818772937,0.009883329,-1.841870847,0.267232734,0.299380793,0.091074894,-0.451933161,-0.129010835,-0.012716505,1.38495315,0.571267002,-0.012973385
-0.091130677,0.602069971,-0.291833973,-0.515135422,0.043863274,0.205653747,-0.630072092,0.360809484,0.248922447,0.078150088,-0.472612045,0.015952154,0.046579638,-3.211651528,0.271422797,1.115604643
-0.112736692,-0.352521085,-0.362583069,-0.185031069,-0.19483958,-0.999539126,-7.650325912,0.459197208,0.389455413,0.387061864,-1.260179289,0.541099145,-0.242028689,3.11170486,0.460212736,-2.312973347
0.352521354,0.198329006,-0.320534456,0.552921416,-0.508990004,-1.227782948,-20.77132417,-0.179386585,0.26140889,0.335981313,-0.405263781,-0.247753982,0.104914772,-2.091036554,0.460826717,-2.992248918
0.866202081,0.229943412,-0.124708954,1.303447679,0.721038114,0.421635133,-7.979790043,0.266689686,-0.113248064,0.192723816,-0.924200273,-0.156606297,-0.03508055,-2.815461128,0.058808592,-1.353800272
0.443011426,0.066078052,0.10059776,0.607944259,-0.150642511,0.02794471,-3.419027586,-0.218456471,-0.338026018,0.4755069,0.584554113,-0.062630053,0.002925382,-1.476635831,-0.139798466,-0.979931537
0.10163477,0.257708113,1.156827108,2.04308342,0.154851117,0.976253822,9.440241211,0.665759959,-0.052756457,0.260396071,0.340750922,0.196703151,0.058525372,-4.664386544,-1.007589649,-0.548889558
1.161837353,0.074023395,-0.306226402,0.859533179,-0.007408439,0.818879121,1.22638659,0.270708807,0.12037936,0.537541751,-0.264753225,0.230085814,-0.18872653,-0.876675687,-0.269014215,-1.02258886
0.824285824,0.121593652,-0.528496066,1.559117178,-0.444438957,-0.142453153,3.195400735,0.223800645,-0.081541675,0.4422889,0.616619846,0.117036605,0.010418962,-0.59548318,-0.247248024,0.13078346
-0.015219349,-0.448196538,0.837349086,0.821145085,-0.523769166,1.17253823,-0.73239991,-0.132022579,0.095710047,0.33484789,0.585720663,0.056007036,-0.226993057,0.003109722,0.008687543,-0.499487133
-1.651361931,0.11995701,0.4673047,1.345492256,-0.215308729,-0.370946446,-3.307627155,0.593544825,0.08049694,0.79020189,-0.144929636,-0.120832424,0.216415711,0.413630841,0.155531832,-0.557052174
-0.145455862,0.60111209,0.517118929,0.926482774,0.022060942,1.629379209,-1.286698019,0.337105227,-0.147281763,0.992175604,0.312676745,0.040123462,0.17217111,0.505436456,0.551480648,-0.957277356
0.708878403,-0.075811744,0.124180028,1.276774944,1.112461986,-0.11761771,0.234431642,0.549613939,0.137147179,0.851447085,0.30517305,-0.097385683,0.009717506,1.429630456,-0.095595744,-1.200946309
0.169147038,0.18348767,0.928392086,1.484848687,-0.018246569,1.03506093,-2.581592054,0.391930947,0.112232228,0.805916306,-0.099084209,0.79569297,-0.068836045,-0.174064286,0.283365787,-1.318087416
0.64637263,-0.715993688,0.667768525,0.183845165,0.630456532,-0.377780875,1.750229405,0.995194095,-0.080942563,1.054079815,1.331302619,0.57931694,0.135043471,-0.224329284,-0.125535224,-1.931826314
-0.060290208,-0.801638976,-0.08468788,0.610940898,0.977603914,0.206035414,11.07750545,0.474205598,0.037403871,0.894910706,-0.391398146,-0.005835215,0.166855814,-0.046365422,-0.008553936,-2.83076653
-0.691468629,0.583335329,0.172229396,0.768567929,0.097175842,-1.486193673,-5.774574409,0.590204198,0.14788692,0.9489613,-0.970217284,0.382468501,0.14865778,-1.09232181,-0.215484805,-3.241055981
-0.084482011,-0.073831706,0.928918785,-0.46366872,-0.051793123,0.804203976,-3.438172571,0.020418665,0.228859923,0.883804885,-0.288309502,-0.064944934,0.040805077,-0.535412508,-0.231314217,-3.62049024
-0.433714918,0.15454947,0.220454364,3.007051791,1.461532751,1.250049198,6.322973889,0.698293734,-0.004151957,0.666050168,0.617136408,0.772107913,0.193422272,-0.263546442,0.183266398,-0.986672165
-1.095656623,-0.170273916,0.177291198,1.755905933,-0.528037349,1.270776061,-2.864871391,0.505628312,0.189938447,0.935801433,0.477626441,0.491184041,0.111267204,-0.292170663,0.491146525,-3.061323608
-0.53796019,-0.048124659,0.236889185,-0.130830756,0.601550363,0.074337975,7.790284316,0.604693751,0.352441794,1.032510139,-0.415628743,0.861100345,0.025635024,-0.476358179,-0.135517961,-3.120234295
0.134693344,-0.49359787,0.115261587,-0.002234735,-0.167319617,-0.183663861,14.32004401,0.206001468,-0.289040775,0.863869787,0.417466712,0.208333013,-0.177978871,-0.603025867,0.24498068,-1.894446147
0.943761629,-0.073779746,0.752029963,0.693296618,0.591650124,-0.063189346,-13.23584405,1.069569033,0.051563978,0.631666589,-1.056252558,0.42869394,0.254471619,-2.101090311,0.561144701,-3.078117888
-0.058720699,-0.017727868,0.142038723,0.128746842,0.192984305,0.338628993,-6.983668197,0.528256883,-0.444223123,0.400954365,-0.447865654,0.507465735,-0.10511279,-1.496038136,0.066900529,-0.833570823
0.210347772,0.316542332,-0.791890416,1.194094927,-1.313416856,0.541888058,-2.065027703,0.127870293,-0.420287362,0.501191508,0.621712408,0.132866376,-0.226512726,0.612173489,0.165358671,-2.653903881
-0.108206777,-0.636573559,0.341229581,0.83863005,-0.88511404,0.425870987,0.395249018,0.022253057,-0.00615654,0.578229037,-0.42555353,-0.222846837,-0.554572001,-0.594039903,0.272397327,-2.548415514
-0.639599288,0.701810738,-0.436746943,-0.388646418,-0.444292921,-0.722233775,-2.915682175,0.369311691,-0.204087654,0.679904241,0.490855338,-0.64057823,-0.736636121,0.243861116,0.293445099,-3.80938883
0.217149014,-0.068146882,-0.020578123,-0.187333773,-0.598279329,-0.354210026,-0.007317655,0.273088842,-0.304539417,0.451220547,-1.383817187,0.409237096,-0.448278133,0.048708621,-0.059699825,-2.92454318
0.166226922,-0.454323354,-0.883305433,0.629753148,-0.176010097,-0.118082924,0.861011644,-0.033939345,-0.424810525,0.327181596,-1.243558477,-0.160188809,-0.392228663,-0.549494474,0.065365647,-1.947087041
0.064651138,-0.055586603,-0.18876782,-0.374292097,-0.704804985,0.068569982,0.018581561,-0.583564072,-0.12772973,0.406655623,1.671447206,-0.395177962,-0.639789563,0.775287636,-0.441413328,-3.061382369
0.251038692,-0.675917757,-0.614818026,-0.627961673,-0.6210528,-0.572415173,-1.118017165,0.220211527,-0.223548136,0.078700818,0.538920315,-0.135528303,-0.728606597,0.21363131,-0.028455614,-1.948967688
0.789034777,0.450283397,-0.438049131,-0.248665383,-0.133490777,-1.004555648,-3.876485078,-0.44614254,-0.032137728,-0.06169361,-0.894199045,0.090737193,-0.223017785,0.976476633,0.126642453,-0.300640976
0.813096147,-0.130548774,-0.079167282,-0.197122793,-0.62254,-0.250047638,-3.898506009,-1.295328113,-0.363133605,-0.081257645,-0.478832197,-0.11185901,-0.607814294,0.411752147,-0.064193463,-1.633564204
0.731805309,0.496094342,-0.010629085,0.119820956,-0.027968964,-0.35381451,1.228510331,-1.004624143,-0.374039124,-0.339465039,-0.597385574,0.016031046,-0.622606717,-0.826560693,-0.023670638,-0.290925245
0.025004389,-0.017786892,-0.034580192,0.02722622,-0.728735569,-1.612820201,-2.348178691,-0.425349202,-0.180635853,-0.08653438,-0.658164534,-0.241350752,-0.760230663,-1.295141216,0.097686843,-0.725885559
0.543984717,0.384531023,0.342873929,-0.192897527,-0.496257215,0.179685226,-2.478094647,-0.223285251,-0.321369745,-0.259921605,-0.43004452,-0.967185758,-0.382201272,-0.026193198,-0.217785756,-0.269212082
0.949462205,0.060236139,0.05999059,0.501369044,0.213875044,-0.786045038,4.369174065,-0.332425619,-0.442734504,-0.165056602,-0.785076832,-0.712153575,-0.718226936,-0.837407846,0.162601935,0.192779165
0.959105167,-1.116660153,-0.490827467,-0.567254326,-0.696876851,-1.139084441,0.083979525,-0.422507665,-0.367170086,-0.275840403,-1.204514972,-0.335256048,-0.454287806,-0.232278228,-0.059887752,0.556438771
0.55455685,-0.193630979,-0.11888701,0.194440538,-0.225145121,-1.335354503,-1.966964243,-0.5483361,-0.149119109,0.065205459,-0.597176145,-0.253133727,-0.559825909,-0.578219723,-0.160519493,-1.949378193
0.13275964,-0.59003778,-0.893902328,-0.220782544,0.063111534,-0.811163811,-0.954765427,-0.314857752,-0.270521288,-0.552421838,0.956673543,-0.110984794,-0.078996482,-0.265293691,0.083161364,-0.099400208
-0.6652349,0.389479988,-1.713281825,0.46965654,-0.50474017,-0.434653155,-2.271673395,0.099514616,-0.247695299,-0.671167314,-0.003576569,-0.354671115,-0.425716515,-0.169100435,-0.428389999,0.105812549
0.034776933,-0.384350282,-1.354288002,-0.215399225,-0.317439329,-0.397344674,-2.711736392,-0.189716974,-0.140602385,-0.412393774,-0.86486297,-0.020337529,-0.516987296,0.136369537,-0.505041656,-0.702512725
0.508775825,-0.066776975,-0.848288129,-0.943094193,-0.03419711,-0.271335482,3.811433005,-0.306187001,-0.164810937,-0.715461798,-2.326802732,-0.087994577,-0.556959461,-0.507351157,-0.206365592,-0.186163568
-0.512686033,-0.449664283,-1.760655223,-1.050896296,0.20655938,-0.701451508,4.397595526,-0.428201227,-0.208042428,-0.588406256,0.059957515,0.04730969,-0.109303721,0.07172598,-0.182545907,0.818097413
-0.214795376,0.013673661,-1.346142484,-0.446922543,0.294629852,-1.672044026,-4.093952266,-0.54755384,-0.283890783,-0.650426447,-0.12642692,0.001498525,-0.270005923,0.381459241,0.098717878,0.119943394
0.022743778,-0.682891106,-1.358679665,-1.297447696,0.053347364,0.153988235,2.731013222,-0.501134319,-0.323215304,-0.544928037,0.33475136,0.007086505,-0.136458746,0.079491039,0.115041353,0.487565544
-0.225104403,-0.139263,-1.695381028,-0.49218688,-0.70575844,-0.024964218,0.654258992,-0.418261526,-0.109372801,-0.785243048,-1.248883948,-0.090520015,-0.352930907,-0.028981008,-0.492960994,0.930199871
-1.144277385,-0.003758207,-2.503776224,-0.806203888,-0.638252953,0.916396818,-7.733371402,-0.202397017,-0.466931132,-0.564251718,-0.044643819,-0.049002583,-0.388251489,0.323697724,-0.059501935,-0.32726553
-0.849928449,-0.715686284,-1.318714326,-0.418375812,-0.420234171,-1.32612545,-0.020577179,-1.128378971,-0.22482524,-0.809950682,-0.591545759,-0.224428485,-0.434871495,-0.369954319,-0.608319473,1.462618552
-0.523170606,-0.491859627,-1.215666589,-1.244165601,-0.58214981,-0.68490656,-0.719598639,-0.559722405,-0.23500613,-0.994061704,0.121097117,-0.55620414,-0.141972844,-0.405941925,-0.790958269,1.965159519
-1.185444472,-0.083534655,-1.631377705,-0.372864301,-0.46321209,-1.356348912,-9.730562717,-0.085611336,-0.589611365,-0.628383029,-0.613507777,-0.159643346,-0.478696227,-0.994573096,-0.490603237,1.463213453
-1.151903439,0.210890701,-1.595468834,-1.165015592,-0.549944539,-0.750937362,-5.554398757,0.008480373,-0.24235291,-0.54652575,-1.074579384,-0.288792929,-0.386338394,-1.918979443,0.037123435,1.584090144
-0.135291791,-0.640653544,-2.437951772,-1.428221905,-0.417426137,0.371489328,-1.480602269,-0.24606622,-0.332735471,-0.747510943,-0.217703833,-0.308350038,-0.445158602,-0.982639289,-0.406556779,0.557628121
-0.434844873,-0.811596236,-2.037757027,-0.82577437,-0.223132875,-1.014394153,-3.259883481,0.106813146,-0.328045111,-0.62482188,-0.929670028,-0.114492441,-0.113697314,-1.179115804,-0.091582202,-0.338670671
-0.80799098,-0.434943017,-1.6390726,-1.840891334,-0.386673863,-1.547053583,-4.027312456,1.260903685,-0.399760383,-0.578399374,-0.7480526,-0.063667629,-0.58303631,-1.829218043,-0.323136824,-0.190595444
-0.569556084,-0.715240302,-1.26210098,-0.002652441,-0.528217005,0.332092464,10.09017167,-0.347848128,-0.420806804,-0.725111031,-0.151617646,0.035831501,-0.364875789,-1.110218169,-0.588457156,0.946783081
0.166949638,-0.666943438,-1.861881683,-1.151820161,-0.425030169,-0.675755419,6.547443748,-0.138086673,-0.292184575,-0.635266562,-0.643270949,-0.111913763,-0.335192893,-0.720458337,-0.459060911,1.258882318
-0.403672709,-0.884615608,-1.439401864,-0.66713747,-0.242317569,-0.133364163,4.284858076,-0.485994611,-0.229549146,-0.551463997,-0.293635562,0.078704253,-0.423433929,-0.092970752,-0.200327393,1.3860142
-0.947869662,0.096433827,-1.066403113,-0.32809917,-0.238358669,-0.918145399,10.28592844,-0.313830038,0.030300839,-0.37713362,-0.150061425,0.192491616,-0.232214987,-0.035059004,-0.439691341,-0.03417389
-0.120071784,-0.455513299,-0.306690921,-1.537793879,-0.114237064,-0.928908575,2.09771959,0.326829272,-0.081284821,-0.698528921,0.105255694,-0.186089785,-0.403116784,-2.092438168,-0.768580333,2.295528163
-0.858917517,-0.434289296,-0.957044081,-1.087626854,0.141699192,-0.495754586,1.805735514,-0.323409278,0.190077168,-0.043716902,-0.052364597,0.477320971,-0.21804671,-0.624450348,-0.621888028,-0.242469098
-0.153553719,-0.719343718,-1.060628919,0.424140688,-0.404741843,-0.32216411,0.193542588,-0.638842543,0.221243713,-0.470056886,0.109598133,-0.216588727,-0.42745432,-0.629195489,-0.281304804,1.178616748
-0.251425952,-0.706345822,-1.683172363,0.232440369,0.1347629,-0.122841104,-3.663652407,-0.125960568,0.810217363,-0.198717913,-1.154991771,-0.12280337,-0.261729104,0.108765032,0.159154758,1.613567901
-0.70985417,-0.913286355,-1.391716816,-0.635036813,-0.15442835,-1.728532643,2.790988254,-0.050686521,-0.085536918,-0.377628766,-1.285599004,0.051606837,-0.25668335,-1.071769215,-0.186647679,0.387661551
-0.84989858,-0.654199843,-1.237487808,-0.531911552,0.030078493,-1.279723379,-8.366797251,0.124471666,-0.26805173,-0.527854212,-1.537372494,-0.424258001,-0.288467213,-3.035257571,0.422804008,0.088907181
-0.247938182,-0.932841118,-1.171794077,-0.896921394,-0.365989471,-1.31240013,-15.36249131,-0.496322244,-0.350678929,-0.527815007,-1.195620179,-0.215138467,-0.573349822,0.63894728,0.050467354,-1.24422757
-1.0567962,-0.997883448,-1.375642371,-0.770225457,-0.261148312,-0.662714631,-5.333440742,-0.49201592,-0.1734034,-0.88924188,-1.138979924,-0.296646374,-0.303089239,-0.689856259,-0.078657091,0.485935428
-0.734548805,-0.36073025,-0.917887288,-0.840765188,-0.73452178,-0.487076429,10.50781581,0.03293365,-0.207357962,-0.511299529,0.039107195,0.120377603,-0.569516283,0.120395384,-0.166901559,0.148276444
-0.269459006,-0.87612101,-0.998294683,-1.305202512,-0.882455231,-0.825095579,1.63150446,-0.440083001,-0.318606366,-0.184352328,-1.216597394,-0.232945313,-0.435422553,0.418393783,0.644341446,-1.351076663
-0.923260274,-0.872776191,-0.823823766,-0.792821665,-0.562764276,-1.028172258,3.494705126,-1.019678249,-0.139711428,-0.295594914,-0.497533919,-0.092263337,-0.441811569,0.329225552,-0.352977272,-1.208534391
-2.109690842,-0.914757185,-1.147622911,-1.249516772,-0.257230423,-1.346551408,13.46167928,-0.859981235,0.088396389,-0.326800843,-0.369743204,0.09195435,-0.671500781,0.33751487,0.27401723,-1.316640986
-1.20983406,-1.357284787,-1.565769223,-0.879718612,-0.152296353,-1.319487905,-15.16895315,-0.712354195,-0.16128782,-0.031227133,-0.168837101,-0.362342881,-0.544401069,1.396463871,0.039248192,-2.623534724
-1.290676454,-1.340359607,-1.340266364,-0.492565234,0.010595596,0.238617178,6.721203255,-0.381642028,-0.422376199,-0.276201499,-0.004938669,-0.172851757,-0.318072892,0.45220333,-0.186158769,-0.745159584
-1.723596959,-0.664346267,-0.465276026,-1.434992705,0.359181535,-0.337693274,-0.144748002,-0.959483023,-0.381032095,-0.281655686,-0.4167363,-0.394517838,-0.230008439,0.390721979,0.070876123,0.023009778
-0.409654241,-0.069312496,-0.436822442,0.002328759,-0.362501054,-0.722608307,7.734228481,-0.165006378,-0.255797109,-0.010345255,-0.887042469,-0.097966984,-0.259281211,-0.479114659,0.12188836,-1.264652153
-0.174033364,-0.498635288,-0.382852917,0.056852682,0.285141211,0.216329603,1.47292194,-0.313048885,-0.107971349,-0.389184182,-1.360970612,-0.249664027,0.023444083,-0.013488942,-0.458756605,0.36336507
-0.85514139,-0.84680587,-1.136041528,-1.063843836,-0.351367366,-0.622795158,2.445023778,-0.688399438,-0.058000572,-0.556915136,-0.171051342,-0.269625462,-0.070675539,-0.172388661,-0.069529038,-1.571135596
0.68206904,0.177549283,-1.053263721,-0.590534683,-0.127138802,-0.442693285,9.213723602,-0.23687355,-0.321459962,-0.593186563,-0.217933968,-0.212713907,-0.293969159,-0.389256645,0.131880576,0.23800142
0.008794691,-0.077045685,-1.029811791,-0.85822031,-1.014643177,-0.268806214,-2.562134581,-0.470767662,-0.166634912,-0.08779067,0.12367275,-0.261777554,-0.076707034,0.184643633,0.123464807,1.476111529
-0.168654672,0.081894887,-0.55693838,-1.019573117,0.204179018,-0.724704203,1.012215452,-0.483857512,-0.065497865,-0.461636166,0.103786361,-0.347755412,-0.368083414,-0.134246316,-0.049012688,-0.333449377
-1.307871239,-1.061818332,-0.607942655,-0.026865796,-0.676503224,-0.92408873,18.85306977,-0.209974271,0.073190109,-0.564118008,0.180081665,0.102200115,-0.608454731,-0.011553339,-0.417736336,-0.34024422
0.077047068,-0.445023053,-1.162601622,-0.075773339,-0.24272563,-0.499462498,-1.665105664,-0.096062,0.74301078,-0.247910969,1.022353968,0.224105067,-0.055955427,0.096192293,-0.256443612,0.023306676
-0.323861317,-0.277975277,-1.138957392,-0.707352197,-0.315948127,-0.628207479,-2.477841425,-0.137688743,-0.022789414,-0.572356654,0.077133247,-0.214530391,-0.040925571,-0.23037835,0.190412483,0.401151928
-0.813422537,-0.370914199,-1.081577463,0.288292213,-0.783716687,0.729014009,6.036809993,-0.18570602,-0.274779338,-0.359675667,-0.007265443,-0.001328122,-0.08516467,1.006532801,0.054218137,-0.216718943
-0.713930924,-0.291727014,-1.107622286,0.086247045,-0.139635746,-0.601240453,4.241780891,-0.421460942,0.126113211,-0.323513516,-0.446555452,-0.046477427,-0.303116591,-0.787032768,0.049708537,-0.274644406
-1.017475134,-0.242403463,-1.45395122,0.077194271,-0.33730485,-0.362319026,-17.35203349,-0.722377553,-0.139535353,-0.592203301,-1.009678767,-0.467177264,-0.271389828,0.122285345,-0.15765064,-0.690549579
-0.757294837,-0.534596593,-1.332881457,0.578713934,0.509983458,-0.236855242,3.843625075,-0.18781542,0.145615112,0.400211392,-0.383003039,-0.132057984,0.051636324,-0.441275503,-0.335862164,0.643379442
-0.506163728,-0.346916782,-1.027520655,-0.68928282,0.564218905,-1.134199774,9.253552137,-0.688481404,-0.20191013,-0.665612272,-0.50236983,0.022339185,0.019627044,-0.168461432,0.033481343,-0.382319414
-0.443707368,-0.929066414,-1.593752386,-0.160871988,0.302378622,-1.220149134,0.785981485,-0.283075353,-0.391234007,-0.543817536,0.239878128,-0.705834462,0.189808735,0.046043774,-0.128182525,0.634568292
-0.419520834,-0.925178695,-0.774048166,0.055278436,0.245160598,0.224352399,7.509687847,-0.032450494,-0.0570352,-0.10746592,0.415933795,0.195930901,-0.259554714,0.206801208,0.000250858,-1.779025505
-1.225342349,0.034585105,-0.436092224,0.655709589,0.514127069,-0.485594568,4.876878054,-0.041298439,-0.152785946,-0.612859245,0.302635657,-0.003067056,0.008865103,-1.22328146,0.182847553,0.346223772
-1.448630728,-0.861481906,-0.828331883,0.802094557,1.200987844,-0.805667412,6.734708702,-0.231475465,0.374967154,-0.635777034,1.183509073,-0.071223112,-0.306554682,-1.864283811,0.649734803,0.227602474
-1.329923198,0.315224092,-0.343263042,-0.133401796,1.452985797,0.358110497,7.427037682,-0.217194132,0.136002415,-0.61223857,0.581740259,0.119487683,0.182639476,-1.516467388,-0.031161206,0.23664847
-1.799384811,-0.27394822,-0.496513618,-0.625307439,0.348120762,-1.076018206,-42.8234259,-0.175882021,-0.836145248,-0.586826424,0.024272841,-1.204798435,-0.1631127,-4.917717386,-0.301464847,-1.740651212
-0.849941774,0.092436429,-1.211902303,-0.505863117,-1.120088954,0.42288193,-22.90870557,0.405332879,-0.708783852,-0.367421761,-0.855908199,-0.695848,-0.497701911,-5.083835513,-0.58500159,-2.011256091
-0.023286561,-0.111626739,-1.114231983,-0.251999892,-1.708023825,0.441891925,7.601860422,1.731776578,-1.001935745,-0.580449414,-1.56608131,-0.940393347,-0.877798528,-1.531421721,-0.597492667,-0.99059793
0.487840819,-1.755975569,-1.863872623,-0.830387396,-1.366760323,-0.0740071,14.5859702,-0.043828042,-0.970987813,-0.55598524,0.112100519,0.098474873,-1.022852238,0.162917663,-0.386123993,-0.603923823
2.419026905,-1.422882423,-1.150601964,0.371292431,-0.787445628,-0.459232673,5.252309581,-0.400618113,-0.870917139,-0.231409004,0.292946071,-0.810716759,-0.38227981,1.925005555,-0.014709801,-1.490992206
0.475837081,-1.252725145,-1.078464827,-1.503212463,-0.385226936,-0.308084586,0.444915307,-0.477575523,-0.930482773,-0.587843456,-0.431305628,-1.048126834,-0.821405637,1.307175735,-0.342657097,-0.472508136
-0.788022652,-1.523038896,-1.38309589,-0.267374731,-0.485548186,-0.898939262,-4.43513783,-0.695210335,-0.832898103,-0.644095539,-0.373143539,-0.262749544,-0.56630767,0.676057442,-0.231092994,-1.054820815
-0.273197887,-1.552724777,-1.294240623,-0.56788714,-0.685631818,-0.697294972,0.535863368,-0.494783453,-0.775991535,-0.749791281,-0.945542309,-0.515427763,-0.632490141,-0.867392737,-0.419191546,-0.177273648
0.055758915,-1.274757292,-0.984295365,0.433875563,-0.401761037,-0.572906285,9.390911956,-0.498753044,-0.777441858,-0.76581736,-0.416448112,-0.852898388,-0.542936381,0.170377105,-0.560671678,0.114184642
0.43797297,-0.379979624,-1.250422838,0.831145356,0.73742964,0.163376794,8.266452914,-0.316508654,-0.527066275,-0.805535226,0.715165601,-0.391790453,-0.492289912,-0.423499176,-0.615452429,0.378657149
0.810862044,0.162315882,-1.116428294,0.566636111,0.723717117,0.480752263,7.57774467,-0.140975849,-0.448823366,-0.56818104,-0.177595828,-0.201472307,-0.169269963,0.12457949,-0.338229458,-0.351495624
0.29690751,-0.111849095,-1.106272021,-0.537110232,0.452551944,1.616642663,-2.03227828,-0.611556189,-0.35888244,-0.739380376,-0.593545962,-0.555309848,0.083300872,-0.670532539,-0.294181781,-0.405507913
-0.324607987,-0.770881321,-1.01308855,-0.067284376,-0.110285506,0.772122188,-1.466672195,-0.198585436,-0.498211968,-0.820512565,-0.006785281,-0.279460877,-0.519023767,-1.105391646,-0.377446984,-0.566526961
-0.426663604,0.184545791,-0.598436723,-0.296700722,-0.258333463,0.509484243,1.823550727,-0.246920257,-0.618327575,-0.718406273,-0.251807302,0.25177059,-0.351590579,0.95355513,-0.28979513,0.052109964
-0.356264877,-0.444948007,-1.138089695,-1.483296296,-0.626295091,0.793807782,-3.881717742,-0.560094978,-0.518861106,-0.698274533,-0.495137891,-0.466477741,-0.182995979,-0.202883335,-0.311792049,-0.488547946
-0.497587951,-0.329011903,-1.044697012,-1.406313709,-0.686258804,-0.703416344,-0.165144002,-0.439406786,-0.457405883,-0.685829539,-1.285356414,-0.17207095,-0.48515992,-0.187841482,-0.673020541,-0.660711721
-0.192424317,-0.679217281,-0.775137773,-0.592899099,-0.37643733,0.800792157,2.107906074,-0.814584405,-0.247257402,-0.942683258,-0.498504414,-0.403095642,-0.616683273,0.454091881,-0.322282681,0.526771511
-0.246025239,-0.544480429,-0.549310773,-0.482081193,-0.391477582,0.111798713,-1.908450395,-1.071879383,-0.3631233,-0.568027086,-0.494019298,-0.527894995,-0.562582068,-0.033638786,-0.053794854,-0.970325561
-0.618371436,-0.994153286,-1.199586103,-0.541299911,-0.698524046,-0.993579499,-7.32706095,-0.570938216,-0.214255303,-1.281343278,-1.314915482,-0.842581516,-0.291057595,0.692442785,-0.502981831,0.86186181
-0.121951578,-1.37122386,-0.679337304,-1.294096466,-0.626334594,0.1946253,0.50214099,-0.61618944,-0.404141802,-0.834842509,0.062433396,-0.233337786,-0.506347042,0.233191871,-0.590465849,-0.250485388
-0.185508094,-1.125682724,-0.515484783,-1.672254448,-0.8086678,-0.114966408,-1.316033767,-0.667489023,-0.295614406,-0.722750813,-0.361467396,-0.300209246,-0.879769896,0.795814416,-0.280028397,-0.803275685
-0.932842542,-1.119350245,-0.626414263,-1.941889893,-0.267542524,-0.199443903,1.088657942,-0.546861048,0.060182117,-0.929801486,-1.208304896,-0.282147526,-0.325097929,0.100392037,-0.698122986,0.362253338
-0.672236889,-1.513149378,-0.265919568,-1.414341005,0.274055464,1.61E-05,-1.818236416,-0.241653766,-0.219584322,-0.8787703,-0.182687601,-0.462038422,-0.011765058,0.292103921,-0.737473673,0.013572341
-0.222334134,-0.662131989,-0.687079427,-0.909400887,-0.131580627,-0.385379819,-3.9146856,-0.440169803,-0.311665565,-0.860119905,-0.699299945,-0.666327235,-0.230666968,0.030994895,-0.717412367,-0.089829253
-0.750534764,-0.900934492,-0.798091721,-1.677749591,-0.328937363,-0.637476489,-12.87449451,-0.362126922,-0.371777729,-1.21074525,-0.456580891,-0.890607412,-0.167768421,-0.453530857,-0.889036884,1.80513505
-0.810953139,-1.150836422,-0.596951502,-1.313952677,-0.628288356,-1.029722083,-22.35029834,-0.548074566,-0.25571436,-1.268467678,-1.296826226,-0.445618304,-0.353255642,-0.528750546,-0.71078394,0.046372448
0.253865198,-0.13976049,0.038358867,-1.453625728,-1.096531527,-0.452121622,5.098382542,-0.435117062,-0.378802741,-0.862837533,-0.92619966,-0.032795518,-0.661237991,0.117386023,-0.823013665,0.351485902
-0.641257874,-1.398231622,-0.396918077,-1.058430247,-0.324613444,-0.271939698,-2.837528544,-0.836095828,-0.235493013,-0.854633554,-0.905795495,-0.397808905,-0.446845691,-0.236182975,-0.613085226,0.134694568
-1.202529242,-0.933103018,0.219719561,-1.393986108,-0.860687332,-0.47327781,-11.81289777,-0.562403627,-0.377378482,-1.04577448,-1.099787436,-0.699962196,-0.12930651,-0.772434598,-0.545361001,0.243712705
-0.753188546,-0.589898318,-1.121926272,0.128678081,-1.139784944,-0.701738249,-13.234886,-0.406191944,-0.359545382,-0.977543685,-0.225486138,-0.271043217,-0.338786892,0.494910911,-0.802624212,0.388983541
-0.273702716,-0.93670773,-0.87881791,0.288308723,-1.400817006,0.193603111,7.488302957,-0.579801272,-0.11513259,-0.827305924,-0.568495236,0.255950745,-0.534825435,0.737348171,-0.537195662,0.460937451
-0.95610481,-1.72421156,-0.950935723,-1.612931381,-1.319248397,-0.562127433,-2.438716491,0.018456503,0.036819343,-0.698904508,-0.81694916,-0.397246131,-0.403705845,0.352361898,-0.603755178,0.094207659
-1.147115367,-0.905607297,-1.542793984,-0.542668752,-1.069435138,0.135284607,6.174445103,-0.60373679,-0.032786662,-0.805043804,-1.061614388,-0.670751035,-0.36804058,-0.08260637,-0.857648124,0.644896985
-0.694275571,0.017089945,0.274734738,-0.608382795,-0.56262482,-0.613476631,4.966269755,-0.459660432,-0.13500532,-0.916029072,-0.145965601,0.320914114,-0.535236507,-0.012094034,-0.803700927,0.565932625
-0.826934415,-1.429154033,-0.203977103,-0.705361617,-0.567180472,-0.740444366,-6.854232161,-0.71758545,-0.134386626,-0.814468219,-0.545228467,-0.436597996,-0.595714207,0.718518981,-1.105805775,-0.052788088
-1.513590314,-1.776043318,0.397390556,-1.483698178,-0.707514384,-0.447920105,1.992546318,-0.398906054,-0.13682206,-0.90871076,-1.02713118,-0.076489371,-0.79635472,0.069390024,-0.777625157,-0.050014806
-0.236680275,-0.948297606,-0.590495044,-0.00374595,-0.678648746,-0.72633955,7.076190152,-0.985347877,-0.151108039,-0.528468152,-0.205580906,-0.517587055,-0.087867505,0.39896357,-0.844757648,-1.200508394
-0.266715948,0.037184698,-0.513033186,-0.606568963,-0.607042595,0.371502386,3.481588822,-0.347693692,-0.149420852,-0.769733399,-0.562713113,-0.246494391,-0.509689368,0.713853357,0.049675957,0.4940047
-0.690275628,0.403977774,-0.523801063,-0.938729194,-0.872232749,0.918687119,1.299358014,-0.546919239,-0.21106641,-0.598265098,-0.341098018,-0.536014829,-0.214578636,0.093069736,-0.597732757,-0.061485998
-0.482095536,-1.124541701,-0.07175267,-1.635433332,-0.574438135,-2.159175456,0.78057839,-0.955563534,-0.276252678,-0.889399195,-0.099848836,-0.238137831,-0.748211982,0.000263674,-0.2817754,0.151471585
-0.211553875,0.466589696,-0.212167742,-2.130975035,-0.498549731,0.023390034,-3.692991696,-0.929995682,-0.108826188,-0.650128043,0.248555392,-0.481149829,-0.56045979,-0.173197267,-0.669264591,0.547563941
-0.048926994,0.630920388,-0.230200045,-1.144568269,-0.036804855,-0.84719012,-8.738458531,-0.644147432,-0.170832904,-0.867496899,-0.862042527,-0.329937456,0.148964245,-0.899309181,-0.572462575,0.366345189
-0.468934686,-0.557894168,-1.229141066,0.931009455,-1.044833748,-0.57290584,5.993493879,-0.491307416,-0.171964496,-0.718424478,-0.646230498,-0.433043109,-0.175185574,0.190707116,-1.014343552,-0.105946729
-0.5819757,-0.34119289,-0.768126385,-1.350638481,-0.784678035,0.196417755,-4.067738895,-0.506925203,-0.264990514,-0.742712744,-0.76510987,-0.63166066,-0.568882121,-0.552047638,-0.469481185,0.681776853
-0.629591919,-1.154120988,-0.528860071,-0.768118189,-0.405666007,-1.620071761,2.244173115,-0.219662536,-0.219202516,-0.476487789,0.007983226,0.142091603,-0.852267417,-1.227812819,-0.537250913,-0.293085034
-0.263956067,0.24172591,-0.715375755,-1.544810852,0.028370013,-0.840865594,-5.642967591,-0.589604141,-0.173504932,-0.782939298,-1.343631361,-0.334011977,-0.239993034,-0.093922887,-0.092897111,-0.175034104
-0.767125009,-0.131530631,-1.430855929,-1.357571055,2.342175842,-6.185401423,-29.71606887,-0.675323371,-0.406103095,-0.214032602,-3.501520157,-0.495964897,-1.341100381,-2.51732252,-0.802993471,-0.897485761
1.534125114,1.491476487,0.743372069,-1.149806888,-1.230050759,0.885537642,10.46615755,-0.377598707,-0.498571824,-0.381348468,-1.018181245,-0.904222364,0.206420787,0.839146371,-0.323215216,-0.191613693
1.470278121,0.512559957,0.264582427,-1.663227669,-0.623179574,-0.107157675,2.082835116,-1.276647399,-0.364830479,-0.760718116,0.575618554,0.083154589,-0.175585817,-0.14982957,-0.739234038,0.163790552
-1.104764752,-0.024958304,1.611567064,0.206036783,-0.43652454,0.694894682,16.36155368,-0.453558723,-0.333731786,0.13368627,-0.565440142,-0.762436294,-0.100452368,1.573752059,-0.458314255,1.804521919
6.183580477,1.938846786,1.419936652,1.342786557,-0.010118168,1.23525973,4.640990732,-0.292497629,-0.058167922,-0.800018915,2.881563977,0.643679942,0.919356344,1.327246406,-0.293998704,2.608850389
4.453946865,1.603808394,0.858680481,-0.119154129,0.868525284,0.414471891,6.032424375,-0.549429852,0.049610554,-0.809687083,0.358637995,0.298572856,1.56556819,0.382277256,-0.141171759,2.721195276
3.90441127,2.322330057,0.864153478,-0.491231241,1.503642268,1.387095776,9.327911121,0.232686032,0.557231625,-0.717435749,0.128710179,0.449341371,0.95752304,-0.060991962,-0.278712518,3.393443509
2.301139918,3.560788868,0.848671212,0.546448526,1.850342929,1.837189576,10.1765438,0.856165543,0.616147653,-0.266587358,1.621815287,0.503181722,0.630808896,0.175900893,0.065414898,1.29313504
-0.141977348,1.363931041,0.05295648,-0.50847035,2.463479623,0.604304194,11.53310739,0.509648,0.966423542,-0.839465996,5.115498345,0.234213306,0.793417736,-0.612927527,-0.044242342,2.235513728
0.643203217,0.6190006,0.662820919,0.170224533,2.233829969,0.385633316,-8.958528867,0.917778213,1.328814646,-0.314439706,0.451200911,0.245937394,0.35504953,-0.474232319,0.032783313,1.757085595
-0.788052906,-0.852063878,-0.472060767,0.449589806,0.910145317,-0.337116377,-6.191257995,0.028866753,1.029444916,-0.635464398,1.637452246,0.633980582,1.17333959,0.530895031,0.109327456,2.383881907
-1.958567928,0.340915267,0.314017289,1.132491103,0.123955109,1.06523002,-6.111145301,0.521342274,1.018451774,-0.878045997,1.677560839,1.024406961,0.90111207,0.523207683,0.23190105,1.855171577
1.364924369,-1.854936531,-0.694072071,0.089917225,-0.796886937,0.85786824,-5.069957037,0.251849784,0.066913995,-0.332648858,-1.387118576,-0.319003756,0.222442957,-0.660222146,0.623811132,0.640788676
-1.318753421,-0.914500757,-1.449774646,-1.338464162,-0.315724853,0.011813857,5.063987656,-0.721383532,0.314962307,-0.612469616,0.002405422,0.397533226,-0.476805625,1.406386728,-0.722643625,0.563207319
